Марка;Ссылка;Цена
Chery Bonus (A13), 2012;https://www.avito.ru/voronezhskaya/avtomobili/chery_bonus_a13_2012_2119524210;275 000
Chery Bonus (A13), 2012;https://www.avito.ru/tihoretsk/avtomobili/chery_bonus_a13_2012_2138277650;245 000
Chery Bonus (A13), 2011;https://www.avito.ru/krasnodar/avtomobili/chery_bonus_a13_2011_2127384900;269 000
Chery Bonus (A13), 2011;https://www.avito.ru/armavir/avtomobili/chery_bonus_a13_2011_1745967789;160 000
Chery Bonus (A13), 2012;https://www.avito.ru/krasnodar/avtomobili/chery_bonus_a13_2012_2125932867;195 000
Chery Bonus (A13), 2011;https://www.avito.ru/kurganinsk/avtomobili/chery_bonus_a13_2011_2128912155;298 000
Chery Bonus (A13), 2013;https://www.avito.ru/novorossiysk/avtomobili/chery_bonus_a13_2013_2136795686;260 000
Chery Bonus (A13), 2012;https://www.avito.ru/voronezhskaya/avtomobili/chery_bonus_a13_2012_2119524210;275 000
Chery Bonus (A13), 2012;https://www.avito.ru/novovelichkovskaya/avtomobili/chery_bonus_a13_2012_2138503178;215 000
Chery Bonus (A13), 2012;https://www.avito.ru/belorechensk/avtomobili/chery_bonus_a13_2012_1789914435;200 000
Chery Bonus (A13), 2013;https://www.avito.ru/arhipo-osipovka/avtomobili/chery_bonus_a13_2013_2132856350;300 000
Chery Bonus (A13), 2011;https://www.avito.ru/krasnodar/avtomobili/chery_bonus_a13_2011_2134433193;205 000
Chery Bonus (A13), 2011;https://www.avito.ru/natuhaevskaya/avtomobili/chery_bonus_a13_2011_2054691041;170 000
Chery Bonus (A13), 2013;https://www.avito.ru/krymsk/avtomobili/chery_bonus_a13_2013_2140626082;220 000
Chery Bonus (A13), 2011;https://www.avito.ru/armavir/avtomobili/chery_bonus_a13_2011_1738357189;160 000
Chery Bonus (A13), 2013;https://www.avito.ru/sochi/avtomobili/chery_bonus_a13_2013_2105647169;300 000
Chery Bonus (A13), 2013;https://www.avito.ru/ust-labinsk/avtomobili/chery_bonus_a13_2013_2131870737;328 000
Chery Bonus (A13), 2011;https://www.avito.ru/krasnodar/avtomobili/chery_bonus_a13_2011_2072631566;250 000
Chery Bonus (A13), 2012;https://www.avito.ru/anapa/avtomobili/chery_bonus_a13_2012_2128231818;300 000
